156,Madakasira,Amarapuram mandal,Amarapuram PS,Madakasira,Valasa,Zilla Parishad High School Valasa,1,14.166785,76.944373,https://maps.app.goo.gl/qJEWiZkyvHSBY48z6,Normal,683,693,1376
156,Madakasira,Amarapuram mandal,Amarapuram PS,Madakasira,Valasa,Zilla Parishad High School Valasa,2,14.166785,76.944373,https://maps.app.goo.gl/EYsd7LP1MN4n21hJ8,Normal,415,432,847
156,Madakasira,Amarapuram mandal,Amarapuram PS,Madakasira,Virupasamudram,Mandal Parishad Primary School Virupasamudram,3,14.178101,76.955684,https://maps.app.goo.gl/n6YkDbGKV7j6JK3H7,Normal,612,626,1238
156,Madakasira,Amarapuram mandal,Amarapuram PS,Madakasira,V.Agraharam,Mandal Parishad Primary School V.Agraharam,4,14.178101,76.955684,https://maps.app.goo.gl/n6YkDbGKV7j6JK3H7,Normal,558,517,1075
156,Madakasira,Amarapuram mandal,Amarapuram PS,Madakasira,V.Agraharam,Mandal Parishad Primary School  V.Agraharam ,5,14.142524,76.905865,https://maps.app.goo.gl/EMc9A9sJmGZbPDu76,Normal,458,433,891
156,Madakasira,Amarapuram mandal,Amarapuram PS,Madakasira,V.Agraharam,Mandal Parishad Primary School  V.Agraharam ,6,14.142524,76.905865,https://maps.app.goo.gl/EMc9A9sJmGZbPDu76,Normal,343,369,712
156,Madakasira,Amarapuram mandal,Amarapuram PS,Madakasira,Tammade Palli,Mandal Parishad Primary School Tammade Palli,7,14.148022,76.980197,https://maps.app.goo.gl/LzkBJHivQ6FjsAUm7,Critical,429,419,848
156,Madakasira,Amarapuram mandal,Amarapuram PS,Madakasira,Tammade Palli,Mandal Parishad Primary School Tammade Palli,8,14.148022,76.980197,https://maps.app.goo.gl/LzkBJHivQ6FjsAUm7,Critical,377,386,763
156,Madakasira,Amarapuram mandal,Amarapuram PS,Madakasira,Nagavanahalli,Mandal Parishad Primary School Nagavanahalli ,9,14.158247,76.993989,https://maps.app.goo.gl/UuN7G4pcVxMCpLvm7,Normal,405,378,783
156,Madakasira,Amarapuram mandal,Amarapuram PS,Madakasira,Devaganipalli,Mandal Parishad Primary School Devaganipalli ,10,14.14997,76.996773,https://maps.app.goo.gl/k1FRu5aPybBGdTxZ7,Normal,572,564,1136
156,Madakasira,Amarapuram mandal,Amarapuram PS,Madakasira,Gowdanakunta,Mandal Parishad Primary School Gowdanakunta,11,14.140869,76.994326,https://maps.app.goo.gl/D2EDjTC98LESZASH7,Normal,459,494,953
156,Madakasira,Amarapuram mandal,Amarapuram PS,Madakasira,Gowdanakunta,Mandal Parishad Primary School Gowdanakunta,12,14.140869,76.994326,https://maps.app.goo.gl/D2EDjTC98LESZASH7,Normal,538,549,1087
156,Madakasira,Amarapuram mandal,Amarapuram PS,Madakasira,Amarapuram,Zilla Parishad High School Amarapuram,13,14.12703,76.980467,https://maps.app.goo.gl/7joBtGx969rjvnTu6,Critical,636,649,1285
156,Madakasira,Amarapuram mandal,Amarapuram PS,Madakasira,Amarapuram,Zilla Parishad High School Amarapuram,14,14.12703,76.980467,https://maps.app.goo.gl/7joBtGx969rjvnTu6,Critical,585,651,1236
156,Madakasira,Amarapuram mandal,Amarapuram PS,Madakasira,Amarapuram,Zilla Parishad High School Amarapuram,15,14.12703,76.980467,https://maps.app.goo.gl/7joBtGx969rjvnTu6,Critical,566,527,1093
156,Madakasira,Amarapuram mandal,Amarapuram PS,Madakasira,Amarapuram,Zilla Parishad High School Amarapuram,16,14.12703,76.980467,https://maps.app.goo.gl/7joBtGx969rjvnTu6,Critical,349,339,688
156,Madakasira,Amarapuram mandal,Amarapuram PS,Madakasira,Amarapuram,Mandal Parishad Primary School Amarapuram,17,14.12703,76.980467,https://maps.app.goo.gl/7joBtGx969rjvnTu6,Critical,432,408,840
156,Madakasira,Amarapuram mandal,Amarapuram PS,Madakasira,Amarapuram,Government Junior College Amarapuram,18,14.12703,76.980467,https://maps.app.goo.gl/7joBtGx969rjvnTu6,Critical,432,453,885
156,Madakasira,Amarapuram mandal,Amarapuram PS,Madakasira,Amarapuram,Government Junior College Amarapuram,19,14.12703,76.980467,https://maps.app.goo.gl/7joBtGx969rjvnTu6,Critical,374,395,769
156,Madakasira,Amarapuram mandal,Amarapuram PS,Madakasira,PulliKunta,Mandal Parishad Primary School PulliKunta ,20,14.142752,76.954765,https://maps.app.goo.gl/e6pcjst6HExo5hpy7,Normal,445,439,884
156,Madakasira,Amarapuram mandal,Amarapuram PS,Madakasira,Veerapuram,Mandal Parishad Primary School  Veerapuram,21,14.133537,76.974323,https://maps.app.goo.gl/Ufk9DpWKZKrxMeYj8,Normal,307,297,604
156,Madakasira,Amarapuram mandal,Amarapuram PS,Madakasira,Maddankunta,Mandal Parishad Upper Primary School Maddankunta ,22,14.108252,76.974343,https://maps.app.goo.gl/oQ7VZLG2Sw5PPC5o6,Critical,407,396,803
156,Madakasira,Amarapuram mandal,Amarapuram PS,Madakasira,Maddankunta,Mandal Parishad Upper Primary School Maddankunta ,23,14.108252,76.974343,https://maps.app.goo.gl/oQ7VZLG2Sw5PPC5o6,Critical,389,356,745
156,Madakasira,Amarapuram mandal,Amarapuram PS,Madakasira,Maddankunta,Mandal Parishad Upper Primary School Maddankunta ,24,14.108252,76.974343,https://maps.app.goo.gl/oQ7VZLG2Sw5PPC5o6,Critical,407,397,804
156,Madakasira,Amarapuram mandal,Amarapuram PS,Madakasira,Halukuru,Mandal Parishad Primary School Halukuru,25,14.10339,77.000389,https://maps.app.goo.gl/aP5msuSzGL4o6GYv6,Normal,490,496,986
156,Madakasira,Amarapuram mandal,Amarapuram PS,Madakasira,Kachikunta,Mandal Parishad Primary School Kachikunta ,26,14.077319,76.994151,https://maps.app.goo.gl/iJeHYuPd35SoC27D7,Normal,543,535,1078
156,Madakasira,Amarapuram mandal,Amarapuram PS,Madakasira,Huduguru,Mandal Parishad Primary School Huduguru,27,14.105739,76.987312,https://maps.app.goo.gl/gMu6UndXawxnStrh6,Normal,503,536,1039
156,Madakasira,Amarapuram mandal,Amarapuram PS,Madakasira,Chitnaduku,Mandal Parishad Primary School Chitnaduku  ,28,14.084319,77.026259,https://maps.app.goo.gl/AhFnXttYJVRvmSQX6,Normal,702,714,1416
156,Madakasira,Amarapuram mandal,Amarapuram PS,Madakasira,Halukuru,Mandal Parishad Primary School  Halukur,29,14.10339,77.000389,https://maps.app.goo.gl/aP5msuSzGL4o6GYv6,Normal,447,456,903
156,Madakasira,Amarapuram mandal,Amarapuram PS,Madakasira,Nidragatta,Mandal Parishad Primary School Nidragatta,30,14.053507,77.008713,https://maps.app.goo.gl/n2aioJg1TUxStStE7,Normal,609,598,1207
156,Madakasira,Amarapuram mandal,Amarapuram PS,Madakasira,Nidragatta,Mandal Parishad Primary School Nidragatta,31,14.038035,76.950015,https://maps.app.goo.gl/gV43BCvehBUigrxWA,Normal,316,313,629
156,Madakasira,Amarapuram mandal,Amarapuram PS,Madakasira,Yarraguntapalli,Mandal Parishad Primary School Yarraguntapalli,32,14.038035,76.950015,https://maps.app.goo.gl/gV43BCvehBUigrxWA,Normal,396,391,787
156,Madakasira,Amarapuram mandal,Amarapuram PS,Madakasira,Kenkera,Mandal Parishad Upper Primary School Kenkera ,33,14.035818,76.941642,https://maps.app.goo.gl/7EzJRpahikMehapb7,Normal,439,401,840
156,Madakasira,Amarapuram mandal,Amarapuram PS,Madakasira,Kenkera,Mandal Parishad Upper Primary School Kenkera ,34,14.046476,76.987993,https://maps.app.goo.gl/zmAzA6LhvVJ3VLc6A,Normal,400,383,783
156,Madakasira,Amarapuram mandal,Amarapuram PS,Madakasira,Hemavathi,Mandal Parishad Primary School Hemavathi,35,14.046476,76.987993,https://maps.app.goo.gl/zmAzA6LhvVJ3VLc6A,Normal,606,619,1225
156,Madakasira,Amarapuram mandal,Amarapuram PS,Madakasira,Hemavathi,Mandal Parishad Primary School Hemavathi,36,14.026036,76.98966,https://maps.app.goo.gl/c2tW6yJpU57gaEoD7,Normal,685,658,1343
156,Madakasira,Amarapuram mandal,Amarapuram PS,Madakasira,Korrevu,Mandal Parishad Primary School Korrevu,37,14.026036,76.98966,https://maps.app.goo.gl/c2tW6yJpU57gaEoD7,Normal,500,489,989
156,Madakasira,Amarapuram mandal,Amarapuram PS,Madakasira,Korrevu,Mandal Parishad Primary School Korrevu ,38,14.017542,76.958267,https://maps.app.goo.gl/zz9p1CD6UHPCRspYA,Normal,421,387,808
156,Madakasira,Amarapuram mandal,Amarapuram PS,Madakasira,Gune Halli,Mandal Parishad Upper Primary School Gune Halli  ,39,14.017542,76.958267,https://maps.app.goo.gl/zz9p1CD6UHPCRspYA,Normal,315,297,612
156,Madakasira,Amarapuram mandal,Amarapuram PS,Madakasira,Gune Halli,Mandal Parishad Upper Primary School Gune Halli  ,40,14.001969,77.022468,https://maps.app.goo.gl/wJsCctwZKCcE5Vu5A,Normal,279,289,568
156,Madakasira,Amarapuram mandal,Amarapuram PS,Madakasira,Shivaram,Zilla Parishad High School Shivaram,41,14.001969,77.022468,https://maps.app.goo.gl/wJsCctwZKCcE5Vu5A,Normal,626,638,1264
156,Madakasira,Amarapuram mandal,Amarapuram PS,Madakasira,Shivaram,Zilla Parishad High School Shivaram,44,14.031542,77.025058,https://maps.app.goo.gl/s6uUBdyerdTQqPE26,Normal,399,387,786
156,Madakasira,Amarapuram mandal,Amarapuram PS,Madakasira,Shivaram,Zilla Parishad High School  Shivaram,45,14.007688,76.973892,https://maps.app.goo.gl/opj2rp3YLD3sBjZy8,Normal,455,468,923
156,Madakasira,Amarapuram mandal,Amarapuram PS,Madakasira,Gollapalli,Mandal Parishad Primary School Gollapalli ,42,14.031542,77.025058,https://maps.app.goo.gl/s6uUBdyerdTQqPE26,Normal,244,236,480
156,Madakasira,Amarapuram mandal,Amarapuram PS,Madakasira,Pelubanda,Mandal Parishad Primary School Pelubanda ,43,14.031542,77.025058,https://maps.app.goo.gl/s6uUBdyerdTQqPE26,Normal,370,371,741
156,Madakasira,Amarapuram mandal,Amarapuram PS,Madakasira,Kanakapalli,Mandal Parishad Primary School  Kanakapalli,46,14.035128,77.047876,https://maps.app.goo.gl/hUtZaXCpyVqW6JJNA,Normal,259,257,516
156,Madakasira,Amarapuram mandal,Amarapuram PS,Madakasira,Aldapalli,Mandal Parishad Primary School Aldapalli ,47,14.047058,,,Normal,547,533,1080
156,Madakasira,Amarapuram mandal,Amarapuram PS,Madakasira,Basvana Halli,Mandal Parishad Primary School Basvana Halli,48,14.025286,77.063649,https://maps.app.goo.gl/vTu7EVn2vPmqCdBe6,Normal,352,343,695
156,Madakasira,Amarapuram mandal,Amarapuram PS,Madakasira,Basvana Halli,Mandal Parishad Primary School Basvanahalli,49,14.025286,77.063649,https://maps.app.goo.gl/vTu7EVn2vPmqCdBe6,Normal,283,315,598
156,Madakasira,Amarapuram mandal,Amarapuram PS,Madakasira,Aronahalli,Mandal Parishad Primary School Aronahalli ,50,14.030338,77.065332,https://maps.app.goo.gl/GRXSDZtpf2WRQbB3A,Normal,410,390,800
156,Madakasira,Amarapuram mandal,Amarapuram PS,Madakasira,Hanumanthana Halli,Mandal Parishad Primary School Hanumanthana Halli,51,14.019241,77.086252,https://maps.app.goo.gl/uwciu451o4k9tnkD9,Normal,373,376,749
156,Madakasira,Amarapuram mandal,Amarapuram PS,Madakasira,Upparlapalli,Mandal Parishad Primary School Upparlapalli ,52,14.013878,77.066618,https://maps.app.goo.gl/tDDnxBXXmvG7n4j57,Normal,383,346,729
156,Madakasira,Gudibanda,Gudibanda,Madakasira,Kumbarnagepalli,Mandal Parishad Primary School Kumbarnagepalli,53,14.015,77.0981,https://maps.app.goo.gl/LX9nk8pNEqqUsDkZ6,Normal,380,353,733
156,Madakasira,Gudibanda,Gudibanda,Madakasira,Kumbarnagepalli,Mandal Parishad Primary School Kumbarnagepalli,54,14.0148,77.098,https://maps.app.goo.gl/GtHjNED1chQBMovWA,Normal,364,345,709
156,Madakasira,Gudibanda,Gudibanda,Madakasira,Karikera,Mandal Parishad Primary School Karikera,55,14.0283,77.0979,https://maps.app.goo.gl/TTxAFgM6X4SvFKQRA,Normal,514,506,1020
156,Madakasira,Gudibanda,Gudibanda,Madakasira,Dasarapalli ,Mandal Parishad Primary School Dasarapalli ,56,14.0288,77.1151,https://maps.app.goo.gl/K1juwX3RmfrYg31k7,Normal,475,458,933
156,Madakasira,Gudibanda,Gudibanda,Madakasira,Hire Turpi ,Mandal Parishad Upper Primary School Hire Turpi ,57,14.0109,77.1149,,Normal,464,462,926
156,Madakasira,Gudibanda,Gudibanda,Madakasira,Hirethurpi ,Mandal Parishad Upper Primary School Hirethurpi ,58,14.011,77.1148,,Normal,367,367,734
156,Madakasira,Gudibanda,Gudibanda,Madakasira,Jambulbanda ,Mandal Parishad Primary School Jambulbanda ,59,13.9826,77.1575,,Normal,498,522,1020
156,Madakasira,Gudibanda,Gudibanda,Madakasira,Jamulabanda ,Zilla Parishad High School Jamulabanda ,60,13.9825,77.1576,https://maps.app.goo.gl/2QTXBmVUo21TS3uFA,Normal,501,478,979
156,Madakasira,Gudibanda,Gudibanda,Madakasira,Ramaiahna Hatti,Mandal Parishad Primary School Ramaiahna Hatti,61,13.9723,77.1537,https://maps.app.goo.gl/R1Fdw7tVqGmK58gN6,Normal,415,410,825
156,Madakasira,Gudibanda,Gudibanda,Madakasira,Ramaiahna Hatti ,Mandal Parishad Primary School Ramaiahna Hatti ,62,13.9723,77.1537,https://maps.app.goo.gl/R1Fdw7tVqGmK58gN6,Normal,378,345,723
156,Madakasira,Gudibanda,Gudibanda,Madakasira,Kalluroppam,Mandal Parishad Primary School Kalluroppam,63,14.0019,77.1859,https://maps.app.goo.gl/g9V47pF6JQicMj8v6,Normal,542,506,1048
156,Madakasira,Gudibanda,Gudibanda,Madakasira,Mynaganapalli ,Mandal Parishad Upper Primary School Mynaganapalli ,64,14.0064,77.1925,https://maps.app.goo.gl/mnchC5uj1HC7R48AA,Normal,363,397,760
156,Madakasira,Gudibanda,Gudibanda,Madakasira,N.R.Ropam,Mandal Parishad Primary School N.R.Ropam,65,14.0042,77.1991,https://maps.app.goo.gl/2ZhDNwDiLrZ3Wctk8,Normal,305,321,626
156,Madakasira,Gudibanda,Gudibanda,Madakasira,Rallapalli,Zilla Parishad High School Rallapalli,66,13.9971,77.2074,https://maps.app.goo.gl/rQooidLgV3DRCpwNA,Normal,630,618,1248
156,Madakasira,Gudibanda,Gudibanda,Madakasira,Shankargallu,Mandal Parishad Primary School Shankargallu,67,13.9955,77.223,https://maps.app.goo.gl/v2PnrEpyrUKqpRfu7,Critical,446,456,902
156,Madakasira,Gudibanda,Gudibanda,Madakasira,Shankargallu,Mandal Parishad Primary School Shankargallu,68,13.9958,77.2229,https://maps.app.goo.gl/isTs5vPVTc6fFiB7A,Critical,622,647,1269
156,Madakasira,Gudibanda,Gudibanda,Madakasira,Singepalli ,Mandal Parishad Primary School Singepalli ,69,13.984,77.1316,https://maps.app.goo.gl/hqRfNUKav3JbnXp46,Normal,727,676,1403
156,Madakasira,Gudibanda,Gudibanda,Madakasira,Gudibanda,Zilla Parishad High School Gudibanda,70,13.9768,77.106,https://maps.app.goo.gl/Vj4qYwkRLs1rUuij8,Critical,608,599,1207
156,Madakasira,Gudibanda,Gudibanda,Madakasira,Gudibanda,Zilla Parishad High School Gudibanda,71,13.9756,77.1048,https://maps.app.goo.gl/TSaL6TVktkJVbG959,Critical,540,588,1128
156,Madakasira,Gudibanda,Gudibanda,Madakasira,Mopurugundu,Mandal Parishad Primary School Mopurugundu,72,13.9792,77.1393,https://maps.app.goo.gl/NW4Sfs2GZC6FY7w39,Normal,347,338,685
156,Madakasira,Gudibanda,Gudibanda,Madakasira,Devara Hatti ,Mandal Parishad Primary School Devara Hatti ,73,13.9604,77.1252,https://maps.app.goo.gl/nyPiBQJPWWv61D7g6,Normal,390,353,743
156,Madakasira,Gudibanda,Gudibanda,Madakasira,Guddada halli ,Mandal Parishad Primary School Guddada halli ,74,13.9515,77.1312,https://maps.app.goo.gl/SCtGeCvy67S2Ej8e8,Normal,522,465,987
156,Madakasira,Gudibanda,Gudibanda,Madakasira,Phalaram ,Mandal Parishad Primary School Phalaram ,75,13.9581,77.1082,https://maps.app.goo.gl/3QTqnFgen8ayK9vJA,Normal,567,585,1152
156,Madakasira,Gudibanda,Gudibanda,Madakasira,Chigaturpi,Mandal Parishad Primary School Chigaturpi,76,13.9995,77.0982,https://maps.app.goo.gl/noWPsCTGw5iQ7Qr26,Normal,500,515,1015
156,Madakasira,Gudibanda,Gudibanda,Madakasira,Thalikera,Mandal Parishad Primary School Thalikera,77,13.9769,77.0652,https://maps.app.goo.gl/ZManiNX7xJvmXa6m9,Normal,321,340,661
156,Madakasira,Gudibanda,Gudibanda,Madakasira,Thalikera ,Mandal Parishad Primary School Thalikera ,78,13.9787,77.0654,https://maps.app.goo.gl/ZManiNX7xJvmXa6m9,Normal,357,373,730
156,Madakasira,Gudibanda,Gudibanda,Madakasira,Nache Palli,Mandal Parishad Upper Primary School Nache Palli,79,13.9723,77.0102,https://maps.app.goo.gl/DSmno1nBy9wK8NkRA,Normal,748,705,1453
156,Madakasira,Gudibanda,Gudibanda,Madakasira,Morubagal,Zilla Parishad High School Morubagal,80,13.9734,77.0413,https://maps.app.goo.gl/ZManiNX7xJvmXa6m9,Normal,469,449,918
156,Madakasira,Gudibanda,Gudibanda,Madakasira,Morubagal,Zilla Parishad High School Morubagal,81,13.9736,77.0417,https://maps.app.goo.gl/FMRDb3LBiGagNcoh9,Normal,363,382,745
156,Madakasira,Gudibanda,Gudibanda,Madakasira,BallathimmanaPalli ,Mandal Parishad Primary School BallathimmanaPalli ,82,,13.9886,77.0459,Normal,494,508,1002
156,Madakasira,Gudibanda,Gudibanda,Madakasira,Thimmalapuram ,Mandal Parishad Primary School Thimmalapuram ,83,13.9657,77.0614,https://maps.app.goo.gl/XoYjz64V6GTPrGb37,Normal,461,468,929
156,Madakasira,Gudibanda,Gudibanda,Madakasira,Gune Morubagal,Mandal Parishad Primary School Gune Morubagal,84,13.9495,77.0387,https://maps.app.goo.gl/XoYjz64V6GTPrGb37,Critical,389,409,798
156,Madakasira,Gudibanda,Gudibanda,Madakasira,Balepalli,Mandal Parishad Primary School Balepalli,85,13.9501,77.0383,https://maps.app.goo.gl/7zAAAKJn5KTyeK2CA,Critical,462,427,889
156,Madakasira,Gudibanda,Gudibanda,Madakasira,Mutukuru,Mandal Parishad Upper Primary School Mutukuru,86,13.9441,77.0709,https://maps.app.goo.gl/wLdvRps58e3bqZ8M9,Normal,428,416,844
156,Madakasira,Gudibanda,Gudibanda,Madakasira,Mutukuru,Mandal Parishad Upper Primary School Mutukuru,87,13.9443,77.0709,https://maps.app.goo.gl/jY5gyPzmRR7xFmqB9,Normal,468,438,906
156,Madakasira,Gudibanda,Gudibanda,Madakasira,Kattakinda palyam ,Zilla Parishad High School Kattakinda palyam ,88,13.9549,77.0695,https://maps.app.goo.gl/32mhPHbLHdd9MWGi9,Normal,435,423,858
156,Madakasira,Gudibanda,Gudibanda,Madakasira,Kattakinda palyam ,Zilla Parishad High School Kattakinda palyam ,89,13.9548,77.0695,https://maps.app.goo.gl/C7otWwFdToeQnAmM6,Normal,349,334,683
156,Madakasira,Gudibanda,Gudibanda,Madakasira,Kurubara Halli,Mandal Parishad Primary School Kurubara Halli,90,13.9498,77.0819,https://maps.app.goo.gl/3mR2wTHSHmqX4dUv5,Normal,494,474,968
156,Madakasira,Gudibanda,Gudibanda,Madakasira,Chinna choragiri ,Mandal Parishad Primary School  Chinna choragiri ,91,13.9179,77.0858,https://maps.app.goo.gl/6d29WTXSiW6mfd3L9,Normal,364,365,729
156,Madakasira,Gudibanda,Gudibanda,Madakasira,Chinna choragiri ,Mandal Parishad Primary School  Chinna choragiri ,92,13.9177,77.0859,https://maps.app.goo.gl/ZAbWQak5y4Fm9YEm7,Normal,623,562,1185
156,Madakasira,Gudibanda,Gudibanda,Madakasira,Mandalapalli,Zilla Parishad High School Mandalapalli,93,13.9339,77.1055,https://maps.app.goo.gl/7erjVtJzBdAFus2B8,Normal,262,288,550
156,Madakasira,Gudibanda,Gudibanda,Madakasira,Mandalapalli,Zilla Parishad High School Mandalapalli,94,,13.9339,,Normal,672,637,1309
156,Madakasira,Gudibanda,Gudibanda,Madakasira,Mandalapalli,Zilla Parishad High School Mandalapalli,95,13.9338,77.1055,https://maps.app.goo.gl/RBxo6T2AGjttKa198,Normal,383,362,745
156,Madakasira,Gudibanda,Gudibanda,Madakasira,Konkallu,Mandal Parishad Primary School Konkallu,96,13.9457,77.1214,https://maps.app.goo.gl/XQ9j7GhekH7QhvWc8,Normal,468,406,874
156,Madakasira,Gudibanda,Gudibanda,Madakasira,"Somsengundlu ,","Mandal Parishad Primary School Somsengundlu ,",97,13.9239,77.1554,https://maps.app.goo.gl/URNJHjiceEZSVhrt6,Normal,458,430,888
156,Madakasira,Gudibanda,Gudibanda,Madakasira,"Somsengundlu ,","Mandal Parishad Primary School  Somsengundlu ,",98,13.924,77.1554,https://maps.app.goo.gl/ssfiegXQNLme9wkK7,Normal,266,275,541
156,Madakasira,Gudibanda,Gudibanda,Madakasira,S.Rayapuram,Mandal Parishad Primary School S.Rayapuram,99,13.9244,77.1399,https://maps.app.goo.gl/2ddb4whzSoUzVN769,Normal,610,570,1180
156,Madakasira,Rolla,Rolla,Madakasira,M. Rayapuram,"100-M Rayapuram, Zilla Parishad High School",100,13.886924,77.034171,https://maps.app.goo.gl/hA33xmZE3a7a1oCeA,Normal,582,561,1139
156,Madakasira,Rolla,Rolla,Madakasira,M. Rayapuram,"101-M Rayapuram, Zilla Parishad High School",101,13.886987,77.034045,https://maps.app.goo.gl/NrXuEoQg9foRtmHh6,Normal,501,488,988
156,Madakasira,Rolla,Rolla,Madakasira,M. Rayapuram,"102-M Rayapuram, Zilla Parishad High School",102,13.886987,77.034045,https://maps.app.goo.gl/WsWTt9GgDm5Y76Gq6,Normal,519,474,993
156,Madakasira,Rolla,Rolla,Madakasira,Hunsekunta,"103-Hunisekunta, Mandal Parishad Primary School",103,13.885423,77.055731,https://maps.app.goo.gl/YXwZzX8UgXgp1zkM8,Normal,221,217,440
156,Madakasira,Rolla,Rolla,Madakasira,H.T.Halli,"104-H  T Halli, Zilla Parishad High School",104,13.919548,77.057346,https://maps.app.goo.gl/eJb6iPTW9hDKuMRg8,Normal,261,241,499
156,Madakasira,Rolla,Rolla,Madakasira,H.T.Halli,"105-H T Halli, Zilla Parishad High School",105,13.888673,77.076414,https://maps.app.goo.gl/Q2hucrVcMErtXcuCA,Normal,371,386,764
156,Madakasira,Rolla,Rolla,Madakasira,Jeergepalli,"106- Jeerigepalli, Mandal Parishad Primary School",106,13.909675,77.063889,https://maps.app.goo.gl/Hz5dw1StnCxyi4Lt8,Normal,303,254,557
156,Madakasira,Rolla,Rolla,Madakasira,"Mallinamadugu,","107-Mallinamadugu, Mandal Parishad Primary School",107,13.911915,77.07325,https://maps.app.goo.gl/gJNXSgFzkbxfmKoY9,Normal,433,454,884
156,Madakasira,Rolla,Rolla,Madakasira,"Bommagondanahalli,","108-Bommagondanahalli, Mandal Parishad Upper Primary School",108,13.896743,77.074605,https://maps.app.goo.gl/k1J5oVuHFz8a4NPe6,Normal,484,492,972
156,Madakasira,Rolla,Rolla,Madakasira,"Mallasamudram,","109-Mallasamudram, Mandal Parishad Primary School",109,13.888576,77.076583,https://maps.app.goo.gl/Ea4ALRsUvxPVucKDA,77.074605,295,305,598
156,Madakasira,Rolla,Rolla,Madakasira,Thirumaladevarapalli,"110-Thirumaladevarapalli, Mandal Parishad Upper Primary School",110,13.889003,77.118602,https://maps.app.goo.gl/bgH2Qt1zzTLWq5F16,Normal,534,530,1065
156,Madakasira,Rolla,Rolla,Madakasira,"Agraharam,","111-Agraharam, Mandal Parishad Upper Primary School",111,13.883767,77.086944,https://maps.app.goo.gl/AQCrxqiGeXsTuPrVA,Normal,349,323,673
156,Madakasira,Rolla,Rolla,Madakasira,"Hottebetta,","112-Hottebetta, Zilla Parishad High School",112,13.880423,77.159748,https://maps.app.goo.gl/JHMne7VTKpUaDxLe8,Normal,529,469,999
156,Madakasira,Rolla,Rolla,Madakasira,"Kottapalyam,","113-Kottapalyam, Mandal Parishad Primary School",113,13.876929,77.145631,https://maps.app.goo.gl/cmdcj3hibNbyixJo6,Normal,576,531,1110
156,Madakasira,Rolla,Rolla,Madakasira,"Rolla,","114-Rolla, Zilla Parishad High School",114,13.840922,77.0103995,https://maps.app.goo.gl/GzCzLNVanKU9XkBs9,Normal,570,555,1112
156,Madakasira,Rolla,Rolla,Madakasira,"Rolla,","115-Rolla, Zilla Parishad High School",115,13.8407872,77.1038874,https://maps.app.goo.gl/cWtgnmiWPVmNgehr7,Normal,629,671,1301
156,Madakasira,Rolla,Rolla,Madakasira,"Rolla,","116-Rolla, Zilla Parishad High School",116,13.840843,77.103999,https://maps.app.goo.gl/ZnbWZEHaFqn4JNxS7,Normal,567,519,1080
156,Madakasira,Rolla,Rolla,Madakasira,"Rolla,","117-Rolla, Zilla Parishad High School",117,13.840625,77.103909,https://maps.app.goo.gl/9qUAbY97x3Qu8rFd7,Normal,778,697,1470
156,Madakasira,Rolla,Rolla,Madakasira,"Rolla,","118-Rolla, Zilla Parishad High School",118,13.840505 - ,77.104073,,Normal,675,622,1286
156,Madakasira,Rolla,Rolla,Madakasira,"Gudduguriki,","119-Gudduguriki, Mandal Parishad Upper Primary School",119,13.843803,77.144186,https://maps.app.goo.gl/qCX9fQqHE9QyPGWJ9,Normal,404,390,792
156,Madakasira,Rolla,Rolla,Madakasira,"Gudduguriki,","120-Gudduguriki, Mandal Parishad Upper Primary School ",120,13.843494,77.144133,https://maps.app.goo.gl/NGD1W7cHZ73MtaCd9,Normal,459,433,892
156,Madakasira,Rolla,Rolla,Madakasira,Dasappa Palyam,"121-Dasappa Palyam, Mandal Parishad Upper Primary School",121,13.8227549,77.149089,https://maps.app.goo.gl/SgjL4WS3NraG1p4n7,Normal,372,367,742
156,Madakasira,Rolla,Rolla,Madakasira,Dasappa Palyam,"122-Dasappa Palyam, Mandal Parishad Upper Primary School",122,13.822567,77.14901,https://maps.app.goo.gl/DBHNDrZF8zB3Jcvr5,Normal,326,299,624
156,Madakasira,Rolla,Rolla,Madakasira,"Ratnagiri,","123-Ratnagiri, Zilla Parishad High School",122,13.808661,77.13008,https://maps.app.goo.gl/sHBwHMzm8fx9JdoE7,Critical,786,747,1535
156,Madakasira,Rolla,Rolla,Madakasira,"Ratnagiri,","124-Ratnagiri, Zilla Parishad High School",124,13.808767,77.130061,https://maps.app.goo.gl/1HzUnLKNgUEa9yJDA,Critical,626,595,1220
156,Madakasira,Rolla,Rolla,Madakasira,"Alupanapalli,","125-Alupanapalli, Zilla Parishad High School",125,13.792108,77.141016,https://maps.app.goo.gl/6gw5hUBXXGG8reh2A,Normal,467,477,943
156,Madakasira,Rolla,Rolla,Madakasira,"Kaki,","126-Kaki, Mandal Parishad Upper Primary School",126,13.786153,77.119372,https://maps.app.goo.gl/GSEdeeSvgo1wxJJq5,Normal,666,640,1305
156,Madakasira,Rolla,Rolla,Madakasira,"K Byadigera, ","127-K Byadigera, Mandal parishad Kannada Primary School",127,13.765936,77.113459,https://maps.app.goo.gl/w4dM1nswWAcXTfnS6,Normal,452,424,877
156,Madakasira,Rolla,Rolla,Madakasira,"K Byadigera, ","128-K Byadigera, Mandal parishad Kannada Primary School",128,13.765936,77.113459,https://maps.app.goo.gl/AWvrG4Zx1y39hjbk8,Normal,357,352,710
156,Madakasira,Rolla,Rolla,Madakasira,"Ranganahalli,","129-Ranganahalli, Mandal Parishad Primary School",129,13.782421,77.15213,https://maps.app.goo.gl/DqL8VNijvujhjcLf7,Normal,450,416,861
156,Madakasira,Rolla,Rolla,Madakasira,"Dodderi,","130-Dodderi, Mandal Parishad Primary School",130,13.777966,77.142957,https://maps.app.goo.gl/qyys8vZ4rcNW43BM9,Normal,602,603,1201
156,Madakasira,Rolla,Rolla,Madakasira,"Pilligundlu,","131-Pilligundlu, Mandal Parishad Upper Primary School",131,13.770691,77.165626,https://maps.app.goo.gl/RnRg62XR519pCnvX9,Normal,516,485,1000
156,Madakasira,Agali ,Agali ,Madakasira ,Karidasana  Halli,Mandal Parishad Primary School Karidasana  Halli,132,13.8331,77.0304,https://maps.app.goo.gl/p7GDWGqdXpBbicUz6,Normal ,317,296,613
156,Madakasira,Agali ,Agali ,Madakasira ,Karidasana halli ,Mandal Parishad Primary School Karidasana halli ,133,13.8331,77.0303,https://maps.app.goo.gl/GCU7igu4GwBoK9Lo8,Normal ,389,384,773
156,Madakasira,Agali ,Agali ,Madakasira ,Aludi,Mandal Parishad Upper Primary School Aludi,134,c,76.9873,,Normal ,766,718,1484
156,Madakasira,Agali ,Agali ,Madakasira ,Hallikera,Mandal Parishad Upper Primary School Hallikera,135,13.8556,77.0559,https://maps.app.goo.gl/BMmJU5ezv5EogaBHA,Normal ,427,408,835
156,Madakasira,Agali ,Agali ,Madakasira ,Hallikera,Mandal Parishad Upper Primary School Hallikera Hallikera,136,c,77.0411,https://maps.app.goo.gl/idYAqhdv8Ayce5pB7,Normal ,237,214,451
156,Madakasira,Agali ,Agali ,Madakasira ,Ingluru,Zilla Parishad High School Ingluru,137,13.8383,77.0411,https://maps.app.goo.gl/idYAqhdv8Ayce5pB7,Normal ,665,670,1335
156,Madakasira,Agali ,Agali ,Madakasira ,Muthe palli  ,Mandal Parishad Primary School Muthe palli  ,138,13.8275,77.0597,https://maps.app.goo.gl/idYAqhdv8Ayce5pB7,Normal ,332,311,643
156,Madakasira,Agali ,Agali ,Madakasira ,Dokkala Palli,Mandal Parishad Upper Primary School Dokkala Palli,139,c,77.0221,https://maps.app.goo.gl/rsAQ7AsYJZ2x9nNy9,Normal ,591,589,1180
156,Madakasira,Agali ,Agali ,Madakasira ,Madhudi,Zilla Parishad High School Madhudi,140,https://maps.app.goo.gl/rsAQ7AsYJZ2x9nNy9,77.0222,https://maps.app.goo.gl/EYDav7zqTjTUCCzL7,Normal ,438,465,903
156,Madakasira,Agali ,Agali ,Madakasira ,Madhudi,Zilla Parishad High School Madhudi,141,13.8185,77.0222,https://maps.app.goo.gl/ZnV28YcFcmesw27S6,Normal ,457,465,922
156,Madakasira,Agali ,Agali ,Madakasira ,Madhudi,Zilla Parishad High School Madhudi,142,13.8186,77.0221,https://maps.app.goo.gl/2BhYTog5epMygXh49,Normal ,391,379,770
156,Madakasira,Agali ,Agali ,Madakasira ,Kenkera  ,Mandal Parishad Primary School Kenkera  ,143,13.8069,76.9998,https://maps.app.goo.gl/uEGherwSE3W2MXXXA,Normal ,395,372,767
156,Madakasira,Agali ,Agali ,Madakasira ,P. Byadigera,Zilla Parishad High School P. Byadigera,144,13.7904,76.9911,https://maps.app.goo.gl/YEZJhFGjbwszPL748,Critical ,362,375,737
156,Madakasira,Agali ,Agali ,Madakasira ,P. Byadigera,Zilla Parishad High School P. Byadigera,145,13.7905,76.9912,https://maps.app.goo.gl/3ZAET3Mad3zbuS5CA,Critical ,294,311,605
156,Madakasira,Agali ,Agali ,Madakasira ,Hullikera,Mandal Parishad Primary School Hullikera,146,13.7881,77.0147,https://maps.app.goo.gl/7qLn2sexdKvz7SXw8,Normal ,716,680,1396
156,Madakasira,Agali ,Agali ,Madakasira ,Narasambudhi,Mandal Parishad Upper Primary School Narasambudhi,147,13.8097,77.0454,https://maps.app.goo.gl/voYYqsk3rTVtx7U47,Critical ,497,488,985
156,Madakasira,Agali ,Agali ,Madakasira ,Narasambudhi,Mandal Parishad Upper Primary School Narasambudhi,148,13.8094,77.0454,https://maps.app.goo.gl/brZYckdtE4RHPErK9,Critical ,403,392,795
156,Madakasira,Agali ,Agali ,Madakasira ,Ramanahalli ,Mandal Parishad Upper Primary School Ramanahalli ,149,13.8,77.0758,https://maps.app.goo.gl/gkoVRDNK6XJq5FC4A,Normal ,186,160,346
156,Madakasira,Agali ,Agali ,Madakasira ,Ramanahalli ,Mandal Parishad Upper Primary School Ramanahalli ,150,13.8,77.0758,https://maps.app.goo.gl/gkoVRDNK6XJq5FC4A,Normal ,470,464,934
156,Madakasira,Agali ,Agali ,Madakasira ,Irigepalli  ,Zilla Parishad High School Irigepalli  ,151,13.787,77.0413,https://maps.app.goo.gl/EyakBJaAWEJyPDuS9,Normal ,380,376,756
156,Madakasira,Agali ,Agali ,Madakasira ,Irigepalli ,Zilla Parishad High School Irigepalli ,152,13.787,77.0412,https://maps.app.goo.gl/LyNeFC78JQqw9hbH9,Normal ,330,364,694
156,Madakasira,Agali ,Agali ,Madakasira ,Agali,Zilla Parishad High School Agali,153,13.787,77.0527,https://maps.app.goo.gl/ZXgAwUir4DzaWy289,Normal ,752,769,1521
156,Madakasira,Agali ,Agali ,Madakasira ,Agali,Zilla Parishad High School Agali,154,13.787,77.0528,https://maps.app.goo.gl/bDUDPDDo7Ct6s9tR6,Normal ,588,598,1186
156,Madakasira,Agali ,Agali ,Madakasira ,Agali,Zilla Parishad High School Agali,155,13.7871,77.0531,https://maps.app.goo.gl/AFCPAzdHnCxPTY8Y8,Normal ,593,578,1171
156,Madakasira,Agali ,Agali ,Madakasira ,Mukkadampalli  ,Mandal Parishad Primary School Mukkadampalli  ,156,13.7891,77.0763,https://maps.app.goo.gl/6S7FNrETUVrnePTe7,Normal ,300,282,582
156,Madakasira,Agali ,Agali ,Madakasira ,Dasegowdanahalli ,Mandal Parishad Primary School Dase gowdana halli ,157,13.7856,77.0951,https://maps.app.goo.gl/ngj4K2Vu9yjwrXvr6,Normal ,657,669,1326
156,Madakasira,Agali ,Agali ,Madakasira ,Kodihalli,Mandal Parishad Primary School Kodihalli,158,13.7829,77.0717,https://maps.app.goo.gl/ZBSd8xvCdqceBVHT7,Normal ,462,420,882
156,Madakasira,Agali ,Agali ,Madakasira ,Kodihalli,Mandal Parishad Primary School Kodihalli,159,13.7829,77.0718,https://maps.app.goo.gl/MCnyMzuBVSE7pRL97,Normal ,337,324,661
156,Madakasira,Agali ,Agali ,Madakasira ,Ragelinganahalli ,Zilla Parishad High School Ragelinganahalli ,160,13.7591,77.0659,https://maps.app.goo.gl/evY9KCCSipPaMrGN7,Normal ,731,698,1429
156,Madakasira,Madakasira,Madakasira PS,Madakasira Circle,A.R.Roppam,Zilla Parishad High School A.R.Roppam ,161,13.94518,77.275001,https://maps.app.goo.gl/iY8D1ceMxrmA4vys6,Normal,355,350,705
156,Madakasira,Madakasira,Madakasira PS,Madakasira Circle,A.R.Roppam,Zilla Parishad High School A.R.Roppam ,162,13.94518,77.275001,https://maps.app.goo.gl/iY8D1ceMxrmA4vys6,Normal,294,309,603
156,Madakasira,Madakasira,Madakasira PS,Madakasira Circle,Amidalagondi,Zilla Parishad High School Amidalagondi,163,13.98523,77.29257,https://maps.app.goo.gl/HfJKCC1XG4EpxGKP7,Normal,483,499,982
156,Madakasira,Madakasira,Madakasira PS,Madakasira Circle,T D Palli,Mandal Parishad Upper Primary School T D Palli ,164,13.990423,77.18187,https://maps.app.goo.gl/83RSZSS2XY47buKK8,Normal,521,482,1003
156,Madakasira,Madakasira,Madakasira PS,Madakasira Circle,H R Palyam,Mandal Parishad Primary School H.R. Palyam ,165,13.990279,77.260099,https://maps.app.goo.gl/Qi6wsTmSyFtSFb8m7,Normal,476,468,944
156,Madakasira,Madakasira,Madakasira PS,Madakasira Circle,E Ramagiri,Mandal Parishad Primary School E. Ramagiri ,166,14.008918,77.266156,https://maps.app.goo.gl/YALxwVkjfccpRqNc8,Normal,285,283,568
156,Madakasira,Madakasira,Madakasira PS,Madakasira Circle,Yeguva Achampalli,Mandal Parishad Primary School Yeguva Achampalli ,167,"14.008918,","77.267145,",https://maps.app.goo.gl/KhDJhXK9Yg9PDEMU6,Normal,350,338,688
156,Madakasira,Madakasira,Madakasira PS,Madakasira Circle,Diguva Achampalli,Mandal Parishad Primary School Diguva Achampalli,168,14.008918,77.267145,https://maps.app.goo.gl/P4AZTUhjH9iQPU1QA,Normal,430,405,835
156,Madakasira,Madakasira,Madakasira PS,Madakasira Circle,Chandaka Charla,Zilla Parishad High School Chandaka charla,169,13.5629288,77.15474,https://maps.app.goo.gl/ABnZqVdRWR9UX48u5,Normal,474,499,973
156,Madakasira,Madakasira,Madakasira PS,Madakasira Circle,Chandaka Charla,Zilla Parishad High School Chandaka charla,170,13.936962,77.28253,https://maps.app.goo.gl/PbZ6ARJG8qMkAnCH8,Normal,332,319,651
156,Madakasira,Madakasira,Madakasira PS,Madakasira Circle,jammanipalli,Mandal Parishad Primary School Jammanipalli ,171,13.9515,77.2926,https://maps.app.goo.gl/EXVnu88q37CYqQpM9,Normal,435,463,898
156,Madakasira,Madakasira,Madakasira PS,Madakasira Circle,Gowdanahalli,Mandal Parishad Primary School Gowdanahalli,172,13.965918,77.310461,https://maps.app.goo.gl/k7CLf1fdskjHG4pCA,Normal,489,468,957
156,Madakasira,Madakasira,Madakasira PS,Madakasira Circle,Gowdanahalli,Mandal Parishad Primary School Gowdanahalli,173,13.965918,77.310461,https://maps.app.goo.gl/1n6tCeCzdzuWUeqVA,Normal,298,311,609
156,Madakasira,Madakasira,Madakasira PS,Madakasira Circle,R Anantapuram,Mandal Parishad Upper Primary School R.Ananthapuram,174,13.983067,77.354662,https://maps.app.goo.gl/qsEoiZLBWMSL7yaHA,Normal,283,280,563
156,Madakasira,Madakasira,Madakasira PS,Madakasira Circle,R Anantapuram,Mandal Parishad Upper Primary School R.Ananthapuram,175,14.0.0637,77.318421,https://maps.app.goo.gl/hnuKgqiTtR12R2Uq8,Normal,357,349,706
156,Madakasira,Madakasira,Madakasira PS,Madakasira Circle,Rekulakunta,Zilla Parishad High School Rekula kunta ,176,14.0.0637,77.318421,https://maps.app.goo.gl/hnuKgqiTtR12R2Uq8,Normal,408,446,854
156,Madakasira,Madakasira,Madakasira PS,Madakasira Circle,Rekulakunta,Zilla Parishad High School Rekula kunta ,177,13.9955,77.31125,https://maps.app.goo.gl/sk9jQytkWjiAZvtRA,Normal,319,331,650
156,Madakasira,Madakasira,Madakasira PS,Madakasira Circle,Diguva Echaleddi,Mandal Parishad Primary School Diguva Echaladdi,178,13.997331,77.295088,https://maps.app.goo.gl/LWvqUPXnGNBF2gXh9,Normal,670,630,1300
156,Madakasira,Madakasira,Madakasira PS,Madakasira Circle,Bullasamudram,Zilla Parishad High School Bullasamudram,179,13.941057,77.261805,https://maps.app.goo.gl/ZhHqSPzC5m9Htjcm8,Normal,605,622,1227
156,Madakasira,Madakasira,Madakasira PS,Madakasira Circle,Bullasamudram,Zilla Parishad High School Bullasamudram,180,13.941057,77.261805,https://maps.app.goo.gl/ZJEkCfmXKg5S5MR18,Normal,317,308,625
156,Madakasira,Madakasira,Madakasira PS,Madakasira Circle,B Rayapuram,Mandal Parishad Primary School B.Rayapuram,181,"13.940527,","77.261193,",https://maps.app.goo.gl/By3AQoZ3rVWT5gsY6,Normal,507,442,949
156,Madakasira,Madakasira,Madakasira PS,Madakasira Circle,Cheepuleti,Mandal Parishad Primary School Cheepuleti ,182,13.940641,77.261246,https://maps.app.goo.gl/dUJKrwXZGKQAXjWn7,Normal,448,446,894
156,Madakasira,Madakasira,Madakasira PS,Madakasira Circle,Vadrapalyam,Mandal Parishad Primary School Vadrapalyam,183,13.5629288,77.15474,https://maps.app.goo.gl/ABnZqVdRWR9UX48u5,Normal,426,449,875
156,Madakasira,Madakasira,Madakasira PS,Madakasira Circle,Mallinayakana Halli,Mandal Parishad Primary School Mallinayakana halli ,184,"13.941832,","77.272653,",https://maps.app.goo.gl/BAraQ64kUpopgtsR9,Normal,202,200,402
156,Madakasira,Madakasira,Madakasira PS,Madakasira Circle,Madakasira,"Mandal Parishad Primary School, (M.R.School) Madakasira",185,"13.941827,",77.272576,https://maps.app.goo.gl/KLyKswPjSPJWtgcw8,Normal,446,463,909
156,Madakasira,Madakasira,Madakasira PS,Madakasira Circle,Madakasira,"Mandal Parishad Primary School, (M.R.School)  Madakasira",192,13.941763,77.27248,https://maps.app.goo.gl/fc968wEoc4SJqtUd7,Normal,384,445,829
156,Madakasira,Madakasira,Madakasira PS,Madakasira Circle,Madakasira,"Mandal Parishad Primary School, (M.R.School)  Madakasira",193,13.94089,77.274461,https://maps.app.goo.gl/JRiy1ECJS6tW78fd7,Normal,487,513,1000
156,Madakasira,Madakasira,Madakasira PS,Madakasira Circle,Madakasira,"Mandal Parishad Upper Primary School, Penukonda Road Madakasira",186,13.938872,77.297949,https://maps.app.goo.gl/zKBbSi5J8SjZxrLt8,Normal,507,525,1032
156,Madakasira,Madakasira,Madakasira PS,Madakasira Circle,Madakasira,Government Junior College  Madakasira,187,13.952158,77.245771,https://maps.app.goo.gl/YmibrU4gmXjizN268,Normal,585,653,1238
156,Madakasira,Madakasira,Madakasira PS,Madakasira Circle,Madakasira,Government Junior College  Madakasira,188,13.944211,77.248893,https://maps.app.goo.gl/2YW6ZjgsktUpoiSf8,Normal,557,563,1120
156,Madakasira,Madakasira,Madakasira PS,Madakasira Circle,Madakasira,"Mandal Parishad Primary School, 
(8th Ward) Madakasira",189,13.933591,77.247905,https://maps.app.goo.gl/2MjQ8fy5vGWRJBPb6,Normal,634,663,1297
156,Madakasira,Madakasira,Madakasira PS,Madakasira Circle,Madakasira,"Mandal Parishad Primary School, 
(8th Ward) Madakasira",190,13.922522,77.236795,https://maps.app.goo.gl/3SYBLt7CYDXCXc3E9,Normal,599,580,1179
156,Madakasira,Madakasira,Madakasira PS,Madakasira Circle,Madakasira,"Mandal Parishad Primary School, (K.P.School) Madakasira",191,"13.922522,","77.236795,",https://maps.app.goo.gl/QTP8kVwDWVS4XC438,Normal,549,605,1154
156,Madakasira,Madakasira,Madakasira PS,Madakasira Circle,Madakasira,Government Boys High School  Madakasira,194,"13.947456,","77.227403,",https://maps.app.goo.gl/9Rg8FxmKXh535Td18,Normal,351,382,733
156,Madakasira,Madakasira,Madakasira PS,Madakasira Circle,Madakasira,Government Boys High School  Madakasira,195,13.947456,77.227403,https://maps.app.goo.gl/LEpLqeBTjiRrvKaC7,Normal,569,581,1150
156,Madakasira,Madakasira,Madakasira PS,Madakasira Circle,Madakasira,Government Boys High School  Madakasira,196,13.956243,77.220242,https://maps.app.goo.gl/6QPYwnbpkTcErQET6,Normal,670,697,1367
156,Madakasira,Madakasira,Madakasira PS,Madakasira Circle,Akkampalli,Anganwadi Centre Akkampalli,197,13.952713,77.208102,https://maps.app.goo.gl/rcv98h54nNCAd6yXA,Normal,87,91,178
156,Madakasira,Madakasira,Madakasira PS,Madakasira Circle,Maleroppam,Mandal Parishad Primary School Maleroppam ,198,1313.970573,77.22084,https://maps.app.goo.gl/6BLXu3FZi6TPUQxk9,Normal,294,314,608
156,Madakasira,Madakasira,Madakasira PS,Madakasira Circle,Begarla Palli,Mandal Parishad Upper Primary School Begarla palli ,199,13.953593,77.207329,https://maps.app.goo.gl/vhgFT9m17AyvvKNR7,Normal,628,611,1239
156,Madakasira,Madakasira,Madakasira PS,Madakasira Circle,Kadirepalli,Mandal Parishad Upper Primary School Kadire palli ,200,13.887607,77.221731,https://maps.app.goo.gl/9HDSn1hZ8J88ip6x9,Normal,401,439,840
156,Madakasira,Madakasira,Madakasira PS,Madakasira Circle,Gurrapukonda,Mandal Parishad Primary School Gurrapukonda,201,13.890925,77.217285,https://maps.app.goo.gl/i7z8rBYiaS5BmX8QA,Normal,499,490,989
156,Madakasira,Madakasira,Madakasira PS,Madakasira Circle,Papasanipalli,Mandal Parishad Primary School Papsani Palli,202,13.886738,77.203022,https://maps.app.goo.gl/k3epU5FmNW7YiHH7A,Normal,276,265,541
156,Madakasira,Madakasira,Madakasira PS,Madakasira Circle,Ugrepalli,Mandal Parishad Primary School Ugrepalli,203,13.886738,77.203022,https://maps.app.goo.gl/k3epU5FmNW7YiHH7A,Normal,243,233,476
156,Madakasira,Madakasira,Madakasira PS,Madakasira Circle,Melavayi,Mandal Parishad Upper Primary School Melavayi,204,13.882981,77.200665,https://maps.app.goo.gl/pZBAMeJzAJwYCJX27,Normal,364,384,748
156,Madakasira,Madakasira,Madakasira PS,Madakasira Circle,Melavayi,Mandal Parishad Upper Primary School Melavayi,205,13.886771,77.190506,https://maps.app.goo.gl/z6yr17U2zrBEjuFe8,Normal,329,351,680
156,Madakasira,Madakasira,Madakasira PS,Madakasira Circle,Jakkepalli,Mandal Parishad Primary School Jekkepalli,206,13.929849,77.201821,https://maps.app.goo.gl/vEgTyXdZjeDhh35y5,Normal,555,516,1071
156,Madakasira,Madakasira,Madakasira PS,Madakasira Circle,Jakkepalli,Mandal Parishad Primary School Jekkepalli,207,13.92942,77.203101,https://maps.app.goo.gl/jSkgxpkTWkWYKDRu8,Normal,427,444,871
156,Madakasira,Madakasira,Madakasira PS,Madakasira Circle,Gundumala,Zilla Parishad High School Kotha Gundumala,208,13.929849,77.201821,https://maps.app.goo.gl/vEgTyXdZjeDhh35y5,Critical,125,134,259
156,Madakasira,Madakasira,Madakasira PS,Madakasira Circle,Gundumala,Zilla Parishad High School Kotha Gundumala ,211,13.921136,77.220936,https://maps.app.goo.gl/DBoJCKa53gfiGLAq7,Critical,544,526,1070
156,Madakasira,Madakasira,Madakasira PS,Madakasira Circle,Gundumala,Mandal Parishad Primary School Kotha Gundumala,209,"13.910427,","77.293027,",https://maps.app.goo.gl/SeCvqHwax3oCJJkE8,Critical,293,236,529
156,Madakasira,Madakasira,Madakasira PS,Madakasira Circle,Kothulagutta,Mandal Parishad Primary School Kothulagutta,210,13.910427,77.293027,https://maps.app.goo.gl/SeCvqHwax3oCJJkE8,Normal,168,163,331
156,Madakasira,Madakasira,Madakasira PS,Madakasira Circle,Neelakantapuram,Mandal Parishad Primary School Neelakanthapuram,212,13.9441043,77.292556,https://maps.app.goo.gl/HrGy3yqeG6kUr4kW8,Normal,229,219,448
156,Madakasira,Madakasira,Madakasira PS,Madakasira Circle,Bachalaipalyam,Mandal Parishad Primary School Bachalaiapalyam,213,13.907696,77.275292,https://maps.app.goo.gl/4BzTxvEd4AeNuFQc8,Normal,127,129,256
156,Madakasira,Madakasira,Madakasira PS,Madakasira Circle,Gangulavaipalyam,Mandal Parishad Primary School Gangulavaipalyam,214,13.8834675,77.2618256,https://maps.app.goo.gl/nPXPnGtrGpzVneJx5,Normal,435,490,925
156,Madakasira,Madakasira,Madakasira PS,Madakasira Circle,Neelakanthapuram,Zilla Parishad High School Neelakanthapuram,215,13.874342,77.264113,https://maps.app.goo.gl/VvZ8pJtAni7tVtLh8,Normal,208,213,421
156,Madakasira,Madakasira,Madakasira PS,Madakasira Circle,Govindapuram,Mandal Parishad Primary School Govindapuram,216,13.874342,77.264113,https://maps.app.goo.gl/VvZ8pJtAni7tVtLh8,Normal,499,509,1008
156,Madakasira,Madakasira,Madakasira PS,Madakasira Circle,G Gollahatti,Mandal Parishad Primary School G.Gollahatti,217,13.950419,77.339888,https://maps.app.goo.gl/NqPBCtjngc314chg8,Normal,404,406,810
156,Madakasira,Madakasira,Madakasira PS,Madakasira Circle,Y B Halli,Mandal Parishad Primary School Y.B.Halli,218,13.950419,77.339888,https://maps.app.goo.gl/NqPBCtjngc314chg8,Critical,352,368,720
156,Madakasira,Madakasira,Madakasira PS,Madakasira Circle,Y B Halli,Mandal Parishad Primary School Y.B.Halli,219,13.94309,77.347908,https://maps.app.goo.gl/53kLDUh9io811G557,Critical,284,236,520
156,Madakasira,Madakasira,Madakasira PS,Madakasira Circle,Pattikunta,Mandal Parishad Primary School Pattikunta,220,13.94309,77.347908,https://maps.app.goo.gl/53kLDUh9io811G557,Normal,541,503,1044
156,Madakasira,Madakasira,Madakasira PS,Madakasira Circle,Zilladagunta,Mandal Parishad Upper Primary School  Zilladagunta ,221,13.9401083,77.3204842,https://maps.app.goo.gl/xFN7NdcLwyMhtipa6,Normal,545,535,1080
156,Madakasira,Madakasira,Madakasira PS,Madakasira Circle,Zilladagunta,Mandal Parishad Upper Primary School Zilleda Gunta  ,222,13.9955,77.2926,https://maps.app.goo.gl/1GTiG6z1XLEWfgh8A,Normal,276,282,558
156,Madakasira,Madakasira,Madakasira PS,Madakasira Circle,Harasamudram,Mandal Parishad Primary School Hare Samudram,223,13.9955,77.2926,https://maps.app.goo.gl/1GTiG6z1XLEWfgh8A,Critical,452,409,861
156,Madakasira,Madakasira,Madakasira PS,Madakasira Circle,Harasamudram,Mandal Parishad Primary School Hare Samudram,224,13.91519,77.319985,https://maps.app.goo.gl/GdBC8qFvmhvdNJcH9,Critical,612,567,1179
156,Madakasira,Madakasira,Madakasira PS,Madakasira Circle,Harasamudram,Zilla Parishad High School Hare Samudram,225,13.898975,77.388833,https://maps.app.goo.gl/1FTrr18sPLk1W7HG9,Critical,195,200,395
156,Madakasira,Madakasira,Madakasira PS,Madakasira Circle,Gollahatti,Mandal Parishad Primary School Gollapalli ,226,13.871006,77.379473,https://maps.app.goo.gl/Sfbw7bGQKDsCGUxP6,Normal,433,449,882
156,Madakasira,Madakasira,Madakasira PS,Madakasira Circle,Bhaktara Halli,Mandal Parishad Primary School Bhaktara  Halli,227,13.871006,77.379473,https://maps.app.goo.gl/Sfbw7bGQKDsCGUxP6,Normal,502,454,956
156,Madakasira,Madakasira,Madakasira PS,Madakasira Circle,Manuru,Mandal Parishad Primary School Manuru,228,13.873244,77.362972,https://maps.app.goo.gl/EMpCdPNyeqxiaAEk6,Normal,497,473,970
156,Madakasira,Madakasira,Madakasira PS,Madakasira Circle,Manuru,Mandal Parishad Primary School Manuru,229,13.863118,77.404931,https://maps.app.goo.gl/L2PVofter2RgJ62q9,Normal,335,328,663
156,Madakasira,Madakasira,Madakasira PS,Madakasira Circle,M Rangapuram,Mandal Parishad Primary School M Ranga puram ,230,13.849086,77.431265,https://maps.app.goo.gl/Ded9raGTzQA68hBc8,Normal,353,368,721
156,Madakasira,Madakasira,Madakasira PS,Madakasira Circle,Uppidipalli,Mandal Parishad Upper Primary School Uppidipalli ,231,13.861206,77.342403,https://maps.app.goo.gl/nL3A2pf4ee14HYvz5,Normal,457,459,916
156,Madakasira,Madakasira,Madakasira PS,Madakasira Circle,Yelloti,Mandal Parishad Upper Primary School Yelloti ,232,13.861206,77.342403,https://maps.app.goo.gl/nL3A2pf4ee14HYvz5,Normal,504,483,987
156,Madakasira,Madakasira,Madakasira PS,Madakasira Circle,Kallumarri,Zilla Parishad High School Kallumarri,233,13.882418,77.347942,https://maps.app.goo.gl/CdEVaPrc42YKkmN16,Critical,598,583,1181
156,Madakasira,Madakasira,Madakasira PS,Madakasira Circle,Kallumarri,Zilla Parishad High School Kallumarri,234,13.882418,77.347942,https://maps.app.goo.gl/CdEVaPrc42YKkmN16,Critical,454,464,918
156,Madakasira,Madakasira,Madakasira PS,Madakasira Circle,Kallumarri,Zilla Parishad High School Kallumarri,235,13.876902,77.29056,https://maps.app.goo.gl/H99qGghe7a9sesqj8,Critical,304,284,588
156,Madakasira,Madakasira,Madakasira PS,Madakasira Circle,C Kodigepalli,Mandal Parishad Primary School C. Kodigepalli,236,13.876902,77.29056,https://maps.app.goo.gl/H99qGghe7a9sesqj8,Normal,502,511,1013
156,Madakasira,Madakasira,Madakasira PS,Madakasira Circle,Kethepalli,Mandal Parishad Primary School Kethe Palli ,237,13.87953,77.297735,https://maps.app.goo.gl/FE6X8cdvg6xgSNqb8,Normal,347,370,717